{"cameraMode":{"drawMode":0,"name":"Shaded","section":"Shading Mode"},"sceneLighting":false,"audioPlay":false,"sceneViewState":{"m_AlwaysRefresh":false,"showFog":true,"showSkybox":true,"showFlares":true,"showImageEffects":true,"showParticleSystems":true,"showVisualEffectGraphs":true,"m_FxEnabled":true},"in2DMode":false,"pivot":{"x":-1.729318618774414,"y":-0.11665551364421845,"z":6.283364295959473},"rotation":{"x":-0.07642150670289993,"y":0.019138798117637636,"z":-0.0014720920007675887,"w":-0.9969032406806946},"size":5.907238960266113,"orthographic":false}